{
  "nat jeden": {
    "mfcc": [
      -11.90062327254286,
      -13.859518000403092,
      -2.820331938706097,
      -8.547023126033137,
      -5.84730012857792,
      -9.68189698479538,
      -9.817337475374664,
      1.2788965888793653,
      -8.034573174348202,
      5.092476776505207,
      -6.00221685144997,
      -2.611244930435522,
      -0.4985304494591906,
      0.16145837482457961,
      2.3608683053576422,
      4.661304617713508,
      5.447546358497026,
      2.8428220408461815,
      0.1049587790447718,
      0.030596037291650335,
      -0.6500203456012924,
      -0.2495429628009158,
      -0.16846698996008583,
      -0.007965029619672642,
      0.26048231592565774,
      0.010671557394804862
    ],
    "fs": 8000
  },
  "google": {
    "mfcc": [
      -12.10988190147993,
      -21.30637835080099,
      -6.574691434684088,
      -12.864366472672438,
      -1.3171739245883307,
      -8.88794634639068,
      -7.103198373628572,
      -0.7053867300077709,
      -4.393864545763043,
      0.4262733923529167,
      0.446857109651348,
      -1.1972504590605204,
      -0.36295014300710954,
      0.7754179596433864,
      4.1247378215285755,
      2.528675733965875,
      2.66488346043641,
      3.0201167330747314,
      -1.4411206547549673,
      -0.5477326846286726,
      -0.7741282712908162,
      -0.41321867061580536,
      -0.11328946403160722,
      0.04509534111655628,
      0.3478320413616669,
      -0.07629552013987782
    ],
    "fs": 8000
  },
  "nat16": {
    "mfcc": [
      -11.463143294379208,
      -18.332094524348612,
      -1.3595735226507015,
      -8.33964856339754,
      -6.007181363856534,
      -7.735541934191005,
      -4.927215673235161,
      -12.227146326650084,
      0.30105259217558417,
      -5.562757732125313,
      2.398892073039097,
      -9.6439958423706,
      6.071725844246035,
      -3.8864478984455118,
      -4.080544094398917,
      -0.363072339556819,
      -1.8850328148421687,
      0.09943294291453479,
      -0.5082413109763586,
      0.16409072600551985,
      0.42444945358215747,
      0.28213097734709636,
      0.34593477162636815,
      -0.058366505439239796,
      -0.44359103941720407,
      -0.10452595850209796
    ],
    "fs": 16000
  },
  "google16": {
    "mfcc": [
      -11.796835939817534,
      -23.065414668224985,
      -6.531513833041537,
      -5.574425660305668,
      -5.945964109380754,
      -5.044107010251374,
      4.201417019227252,
      -10.787036425063093,
      3.407269719189719,
      -4.219274597743202,
      1.5404331693389128,
      -5.866921685481298,
      1.2144043245146,
      -1.4090326428690687,
      2.1748752583009243,
      -2.751201019969205,
      -0.8990887100099108,
      2.507513439228718,
      -0.5130174308141732,
      1.2139701118605615,
      -0.016613964128695872,
      0.06513267544045491,
      0.24392446143527916,
      0.012435858920090187,
      -0.24338866917417146,
      0.054630720932862
    ],
    "fs": 16000
  },
  "ada8": {
    "mfcc": [
      -12.920294318920284,
      -15.78060923517217,
      -7.64196747589268,
      -6.824167860523083,
      -8.896096623242146,
      -6.457367892851376,
      -5.628081702538368,
      0.44072251618049413,
      -6.855944648365113,
      0.9702514038662878,
      -4.318040805202203,
      -2.7843890184475737,
      -0.14840599854202183,
      -0.4948924047342205,
      0.5226158465943503,
      1.1320583537352626,
      2.6349918279223563,
      2.239286593034427,
      0.7816637283583884,
      0.6530307212433525,
      -0.1496238200078914,
      0.347912251170787,
      0.02697486527990825,
      -0.05028363267270205,
      0.10927855287315939,
      -0.02243451393996145
    ],
    "fs": 8000
  },
  "ada16": {
    "mfcc": [
      -12.217307730215884,
      -21.268890079381382,
      -3.018898213308212,
      -8.779198471601164,
      -2.4447340411178344,
      -5.962981492322405,
      -2.3260997054609636,
      -9.03303388638801,
      1.583417266602907,
      -4.284343818238506,
      0.2787896112127199,
      -11.59807937312092,
      5.271198874610147,
      -5.528968498748445,
      -2.5303159325227385,
      -2.575569235075512,
      -1.7725969354418323,
      1.4124060653465493,
      -1.1183930344763384,
      -0.12271190000917366,
      0.0001450906353712006,
      0.16470428159421638,
      0.20287106770733473,
      -0.01940225876330264,
      -0.32755393948858286,
      0.14119674476267433
    ],
    "fs": 16000
  },
  "natt": {
    "mfcc": [
      -11.71294090230591,
      -16.28367847574601,
      3.6407274814598662,
      -10.975652510615518,
      -2.3283947304639088,
      -4.649990977688848,
      -3.7571056703308794,
      -9.738519350774931,
      -1.7171176784235282,
      -9.739741025597654,
      0.5807363192505862,
      -8.0828411380224,
      6.793868189821325,
      -4.932167888367619,
      -3.942330951928495,
      -2.0684032196283653,
      -1.938447926343122,
      1.650398682725922,
      0.013921879244921423,
      1.3107930601805973,
      0.0769082266582017,
      0.13781565546550312,
      0.23926072969149734,
      0.014635712895243123,
      -0.4647207728007962,
      -0.1964253241195024
    ],
    "fs": 16000
  }
}